{"cameraMode":{"drawMode":0,"name":"Shaded","section":"Shading Mode"},"sceneLighting":true,"audioPlay":false,"sceneViewState":{"m_AlwaysRefresh":false,"showFog":true,"showSkybox":false,"showFlares":true,"showImageEffects":true,"showParticleSystems":true,"showVisualEffectGraphs":true,"m_FxEnabled":true},"in2DMode":false,"pivot":{"x":-38.23466491699219,"y":1.5544095039367676,"z":-15.074827194213868},"rotation":{"x":0.26093849539756777,"y":-0.00609350111335516,"z":0.0016451023984700442,"w":0.9653287529945374},"size":6.062177658081055,"orthographic":false}