{"cameraMode":{"drawMode":0,"name":"Shaded","section":"Shading Mode"},"sceneLighting":false,"audioPlay":false,"sceneViewState":{"m_AlwaysRefresh":false,"showFog":true,"showSkybox":false,"showFlares":true,"showImageEffects":true,"showParticleSystems":true,"showVisualEffectGraphs":true,"m_FxEnabled":true},"in2DMode":false,"pivot":{"x":-35.97881317138672,"y":0.20032921433448792,"z":-16.999574661254884},"rotation":{"x":-0.043173570185899737,"y":-0.673678994178772,"z":0.03942975774407387,"w":-0.7367300987243652},"size":0.4423937499523163,"orthographic":false}