{"cameraMode":{"drawMode":0,"name":"Shaded","section":"Shading Mode"},"sceneLighting":false,"audioPlay":false,"sceneViewState":{"m_AlwaysRefresh":false,"showFog":true,"showSkybox":false,"showFlares":true,"showImageEffects":true,"showParticleSystems":true,"showVisualEffectGraphs":true,"m_FxEnabled":true},"in2DMode":false,"pivot":{"x":-35.980812072753909,"y":0.2003292441368103,"z":-16.999574661254884},"rotation":{"x":-0.20396725833415986,"y":0.12033727765083313,"z":-0.02529505081474781,"w":-0.9712401628494263},"size":0.4423937499523163,"orthographic":false}